pru,ttv
"T? v?n viên nhi?t tình, chu ?áo h? tr? k?p th?i",Ch?m sóc khách hàng theo cách chuyên nghi?p
T? v?n nhi?t tình rõ ràng,T? v?n rõ quy?n l?i sp
S?n ph?m hay,T? v?n nhi?t tình và t? m?
Không,Tuy?t v?i
Uy tín gi?i quy?t nhanh,G?n nhà làm lâu n?m
10,10
"D?ch v? t?t,tvv nhi?t tình",10
Nhân viên r?t quan tâm ch?m sóc khách hàng,Tôi tin t??ng
Thái ?? ph?c v? khách hàng t?t.,"T? v?n d? hi?u, minh b?ch."
"Tôi m?i th?m gia làn ?â?u,  c?n th??i gian","T? v?n viên nhiê?t tình, h? tr?? khách hiê?u rõ"
Tôi tham gia b?o hi?m ch?a ?? lâu ?? t? tin gi?i thi?u b?n bè,"T? v?n viên nhi?t tình, h? tr? nhanh và kiên nh?n gi?i ?áp các th?c m?c c?a tôi"
R?t t?t,R?t t?t
Do hài lòng v?i t? v?n viên,"Thân thi?n, ni?m n?"
"T? v?n viên nhi?t tình, am hi?u s?n ph?m, t? v?n s?n ph?m phù h?p v?i nhu c?u KH.","Lúc tr??c không bi?t t? v?n viên là ai. Vì ng??i c? ?ã ngh? vi?c. G?i t?ng ?ài khó kh?n, gi?i thích không rõ ràng."
T? v?n viên cùng nhân viên v?n phòng ph?c v? chu ?áo,T? v?n t?n tâm rõ ròng
"T? v?n viên nhi?t tình, t? v?n k? và ?úng v?i nhu c?u","T? v?n nhi?t tình, phù h?p v?i nhu c?u tài chính. Thân thi?n rõ ràng các quy?n l?i và ngh?a v?"
Luôn luôn quan tâm khách hàng,T? v?n viên r?t nhi?t tình
Trong gia ?ình mình ?ã t?ng tham gia b?o hi?m Prudential và ch?ng ki?n nhi?u c?nh cty chi tr? cho khách hàng. Quy?n l?i c?a ng??i ?c b?o v? r?t t?t.,T? v?n nhi?t tình và luôn luôn có nh?ng ý ki?n tích c?c cho khách hàng
Phù h?p v?i nhu c?u,Ch?m sóc t?t vui v? nhi?t tình
T?t,T?t
T?t,"Nhi?t tình,t? m?."
Ph?c v? t?t,Ph?c v?
Quy?n l?i chi tr? nhanh,Ph?c v? nhi?t tình chu ?áo
T? v?n viên chuyên nghi?p. T? v?n d? hi?u,T? v?n t?n tâm
"T? v?n nhi?t tình 
Th? t?c nhanh g?n chính xác","Nhi?t tình 
Trách nhi?m"
"T? v?n nhi?t tình, ??y ??","Nhi?t tình, t?n tâm"
Tin t??ng,Nhi?t tình vui v? chuyên nghi?p
Tôi tin t??ng Prudential,
nhân viên ph?c v? t?n tình chu ?áo,CH?M SÓC KHÁCH HÀNG T?N TÌNH
"Th??ng hi?u và s?n ph?m 
D?ch v?",T? v?n rõ s?n ph?m h? tr? d?ch v? bh nhanh gon l?
"Gi?i quyet v?n ?? nhanh , g?n , l?",T? v?n nhiet tình
Không,Nhi?t tình t?t rõ ràng
"T?i th?y ???c m?t t?t c?a s?n ph?m, thông tin rõ ràng, phù h?p v?i k? ho?ch b?o v? và tích lu? c?a tôi.",B?n t? v?n viên nhi?t tình gi?i ?áp t?t c? các th?c m?c cho ??n khi tôi hi?u t??ng t?n thì thôi. Còn k? càng h?i l?i là anh ?ã hi?u h?t ch?a tr??c m?i v?n ??. Tôi r?t hài lòng v? cách t? v?n c?a b?n t? v?n viên
Take care khách hàng t?t,
T? v?n nhi?t tình và c?n th?n,Trách nhi?m và t?n tâm
Nhân viên nhi?t tình tin c?y,Gi?i ?áp th?c m?c rõ ràng d? hi?u
Ch?t l??ng,T? v?n nhi?t tình và thân thi?n
"th?y uy tín, an tâm","t? v?n rõ ràng, nhi?t tình"
thông tin ?áng tin c?y,"T?m hi?u bi?t sâu r?ng, tu v?n nhi?t tình, chu ?áo và thân thi?n"
Prudential chính sách r?t t?t,"Chuyên viên t? v?n r?t nhi?t tình,d? hi?u"
T? v?n,T? v?n nhi?t tình
Vì cty ra dc th? hành trang mi?n phí khách th?y dc chi tr? khách c?m th?y yên tâm,Nhi?t tình lo cho khách t? các h??ng d?n các b?nh vi?n liên k?t và gi?y t? chi tr? quy?n l?i nhanh chóng g?n gàng
Không,khôngThân thi?n.
"T? v?n viên nhi?t tình,chu ?áo",Nhi?t tình chu ?áo
S?n ph?m t?i ?u. ??i lý nhi?t tình chu ?áo,"Nhi?t tình, chu ?áo, t?n tâm"
BH r?t có l?i và quan tr?ng cho ng??i tr? c?t,TVV nhi?t tình và t? v?n chuyên nghi?p
Ch? tr? quy?n l?i khách hàng còn ch?m,Ch?m sóc khách hàng t?t
"T? v?n r?t nhi?t tình, gi?i thích các ?i?u kho?n rõ ràng d? hi?u",Thái ?? r?t thân thi?n
Làm vi?c nhanh,K? càng d? hi?u nhanh g?n
T? v?n t?t,Tr? l?i nh?ng th?c m?c câu h?i ??t ra
T? v?n viên ch?m sóc nhi?t tình,"Ch?m sóc t?t, t? v?n k? , h? tr? nhi?t tình"
Không có,Vui v? nhi?t tình t?n tâm gi?i thíchKhông
"R?t chuyên nghi?p, nhi?t tình",R?t nhi?t tình
T? v?n r?t nhi?t tình và tâm huy?t,T? v?n r?t nhi?t tình và tâm huy?t
D?ch v? t?t,Nhi?t tình
"B?n t? v?n viên nhi?t tình, gi?i thích khách hàng d? hi?u, thân thi?n h?n","Nhi?t tình, t? v?n d? hi?u"
QLBH t?t,T? v?n ?úng v? quy?n l?i b?o hi?m
Hài lòng,T?t
?áp ?ng ???c nhu c?u,nhi?t tình
"T? v?n t?n tâm, s?n ph?m phù h?p","Nhi?t tình, t? v?n d? hi?u"
"S?n ph?m t?t . Nhân viên t? v?n nhi?t tình , chu ?áo , t?n tâm","T? v?n k? l??ng , t?m tình , h??ng ??n nhu c?u và nguy?n v?ng c?a khách hàng . Không vì l?i ích cá nhân"
Pru luôn có nh?ng hình th?c t?t cho khách hàng.,"T? v?n viên nhi?t tình, có tâm và luôn h? tr? khách hàng m?i lúc m?i n?i."
T? v?n viên nhi?t tình.v?n phòng ??p.,Gi?i thích rõ ràng.vui v?
Th??ng hi?u uy tín. Ng??i thân ?ã s? d?ng Prudential,"T? v?n viên nhi?t tình, t? v?n k? l??ng"
An tâm,T?t
T? ch?i tr? l?ii,T? ch?i tr? l?i
Công ty c?n có bi?n pháp ki?m soát th??ng xuyên vi?c ch?m sóc KH c?a CV TV,CV TV bán BH xong không không quan tâm ch?m sóc khách hàng
s?n ph?m phù h?p ?úng nhu c?u,"T? v?n rõ ràng, nhi?t tình, chuyên nghi?p"
Tvv t? v?n rõ ràng,Cvtc tv rõ ràng quy?n l?i c?ng nh? lo?i tr? b?o hi?m
Tin t??ng pru ?ã có m?t ? VN lâu n?m,"Tvv t? v?n nhi?t tình, ?úng nhu C?u và cho tôi bi?t ???c c?n ph?i có BH, tvv cho tôi s? tin t??ng"
r?t hài lòng,ok t? v?n r?t nhi?t tình và d? hi?u
Tin t??ng,"T? v?n nhi?t tình ?ày ?? , rõ ràng quyen l?i và ngh?a v? c?a ng??i s? d?ng b?o hi?m"
?úng v?i nhu c?u,Nhi?t tình
"Uy tín, và gia ?ình ?ã dc chi tr?","Nhi?t tình, t? v?n h? tr? t?n tình"
Ko,Ko
Nhanh,Gi?i ?áp rõ ràng
"Nhân viên t? v?n nhi?t tình , tuu th?y h?p lí nên s? gi?i thi?u nhi?u ng khác","T? v?n c?n k? , cho hi?u thêm v? b?o hi?m v? quy?n l?i c?a mình"
H?p ??ng cho tr? s? sinh 4 tháng ph?i ?i khám th?m ??nh. ?ã th? ??i khám h?t phòng này qua phòng khám rõ lâu. Ph?i m?t h?n 1 ti?ng m?i khám xong. ?ã th? còn l?y n??c ti?u r?t khó kh?n.,Nhi?t tình
"Chu ?áo t?n tình, t? v?n viên chuyên nghi?p",10
Kinh t? gia ?ình,R?t vui v?
Uy tín và ch?t l??ng,Ch?m sóc nhi?t tình chu ?áo t?n tâm
"Chuyên nghi?p, chu ?áo, t?n tình","Chuyên nghi?p, chu ?áo, t?n tình, quan tâm"
Cách ph?c v? t?t,T? v?n nhi?t trình
"D?ch v? t?t, ch?m sóc khách hàng t?n tình",T? v?n viên nhi?t tình
R?t uy tín,"T? v?n nhi?t tình, rõ ràng, thân thi?n."
Nhân viên t? v?n phù h?p,Hi?u khách hàng
"H?p ??ng rõ ràng d? hi?u, nhi?u hình th?c ?? ch?n l?a",Nhi?t tình
B?o v? t?i ?a quy?n l?i,Nhi?t tình t? v?n rõ ràng
Vì tôi th?y Prudential có nh?ng s?n ph?m t?t . T? v?n viên chuyên nghi?p,"Chuyên nghi?p , nhi?t tình , nhanh nh?n , luôn ??t l?i ích khách hàng lên hàng ??u"
Quy?n l?i cao,Tvv t? v?n rõ ràng
S?n ph?m ti?t ki?m và b?o v?,T? v?n rõ ràng c? th? d? hi?u
Mang l?i cho tôi s? t? tin trong cu?c s?ng bao v? ???c cho gia ?ình mình m?t cu?c an toàn h?n,T? v?n nh?ng gì mà mình c?n
"T? v?n, CSKH","Nhi?t tình, d? th??ng, t?n tâm"
S? chân thành,"Nhi?t tình, t?n tâm"
T?t,T?t
"T? v?n viên nhi?t tình, thân thi?n, quan tâm t?i khách hàng",Quan tâm t?i nhu c?u c?a khách hàng
Không có th?i gian,Không có th?i gian
Nhân viên t? v?n nhi?t tình,Nhi?t tình
T? v?n,T?t
Hài lòng,Hài lòng
"Quy?n l?i khách hàng t?t, uy tín ch?t l??ng","T? v?n nhi?t tình, ??y ?? chi ti?t m?i quy?n l?i!"
?i?u ki?n kinh t? ko cho phép,T?n tình chu ?áo
?áng tin c?y,"T? v?n nhi?t tình , d? hi?u"
H?p v?i tài chính m?i gia ?ình,T? v?n viên nhi?t tình
Uy tín - ch?m sóc KH t?t,"??y ??, d? hi?u, ng?n g?n"
T?t,Nhi?t tình
Nhi?t tình t? v?n,Uy tín
San ph?m t?t nhieu quyen loi,Rat tot
"T? v?n k?, nhi?t tình, ng??i dùng hi?u ???c l?i ích khi tham gia b?o hi?m",Mang ??n l?i ích cho ng??i thân và gia ?ình. Giúp ng??i thân v??t qua khó kh?n khi g?p r?i ro
Không,Không
"Rõ ràng, minh b?ch","K? n?ng t? v?n, s? am hi?u"
Không,"Nhi?t tình h? tr?, chân thành"
Có,T? v?n nhi?t tình ??y ??
Ch?m sóc nhu c?u khách hàng t?t,"Nhi?t tình, chu ?áo"
"D?ch v? chuyên nghi?p.
Ph?m vi b?o hi?m t?t, phù h?p.","T? v?n viên nhi?t tình, chu ?áo, gi?i thích c?n k?, t? m?."
Hài lòng,Hài lòng
R?t t?t,R?t t?
R?t rõ ràng và minh b?ch,"R?t nhi?t tình và ch?u khó ,r?t kiên nh?n và ?ng x? khéo léo"
T? v?n viên,S? chuyên nghi?p
Ch?m sóc và gi? ?úng l?i h?a,10 ?i?m
Nhi?t tình trong t? v?n,"Nhi?t tình, k? l??ng, t? v?n rõ ràng, vui v?"
H?p ??ng rõ ràng,T? v?n ??y ?? nhi?t tình
B?o v? khách hàng r?t t?t,T? v?n r?t nhi?t tình và b?o v? ng??i mua b?o hi?m
Trách nhi?m,Nhi?t tình
B?o v? ???c ???c cho b?n thân h? tr??c nh?ng r?i ro,Mu?n t?t cho khách hàng
Không,Không
S?n ph?m t?t,T? v?n nhi?t tình
C?n duy trì và phát huy vai trò c?a t? v?n viên,C?n phát huy vai trò c?a t? v?n viên h?n n?a
"Prudential có t? v?n viên r?t t?n tâm. Ch? ?? b?o hi?m t?t,","T? v?n viên r?t t?n tâm, nhi?t tình t? v?n và h? tr? b?t kì lúc nào."
T? v?n viên nhi?t tình,T? v?n viên hi?u ???c tâm t? c?a khách hàng
Ph?c v? t?t,Dv t?t
không có ?i?u gì,"Nhi?t tình, thân thi?n..."
T?t,T? v?n t?t
T? v?n rõ ràng ??y ?? v? h?p ??ng b?o hi?m,T? v?n rõ ràng ??y ??
B?o v? t?t,?úng
Ch? ?? t?t,T? v?n nhi?t tình
"Th? t?c nhanh chóng, ??n gi?n",Th? t?c nhanh g?n
"T? v?n nhi?t tình, s?n ph?m phù h?p, nhân viên v?n phòng chuyên nghi?p, trách nhi?m cao","L?ng nghe nguy?n v?ng, phân tích rõ nhu c?u và t? v?n s?n ph?m phù h?p. H??ng d?n h? s? chi ti?t"
Có khách nhi?m,"Chu ?áo , nhi?t tình và di?n giãi cho khách hàng hi?u bi?t t?ng chi ti?t"
Quy?n l?i c?a khách hàng mà tvv gi?i thi?u,Nhi?t tình trách nhi?m
T? v?n viên giúp tôi t? tin h?n khi tham gia b?o hi?m.,?ào Th? Ngoan ?ã giúp tôi hi?u rõ v? s?n ph?m và m?c tiêu tham gia b?o hi?m c?a cá nhân mình.
"T? v?n sát sao , giúp ?? nhi?t tình , quan tâm khách hàng.","T? v?n sát sao , l?a ch?n s?n ph?m t?t cho khách hàng"
B?o ??m quy?n l?i cho khách hàng,"Nhi?t tình, vui v?"
L?i ích cho khách hàng,T? v?n t?n tình
Mong mu?n m?c phí th?p h?n và m?c h??ng l?i cao h?n,"Am hi?u, nhi?t tình, nhanh nh?n"
Cho nhi?u qu?n l?i,Chu?n k l?a
Phù h?p kinh t?,Nhi?t tình
Ch?m sóch khách hàng t?t,T? v?n ?úng v?i kh? n?ng tài chính c?a b?n thân
"Th??ng hi?u, th? t?c tham gia b?o hi?m thu?n ti?n",Không
T?n tình,T?n tình
Quy?n l?i c?a s?n ph?m,B?o v? gia ?ình và b?n thân
Tin t??ng,Hài lòng
"T? v?n viên t? v?n rõ ràng,nhi?t tình và s?n ph?m phù h?p v?i nhu c?u c?a khách hàng.",T? v?n rõ ràng.
"T? v?n nhi?t tình ,chia s? rõ ràng",H? tr?  r?t t?t
R?t t?t,T? v?n nhi?t tình
Quan tâm t?i khách hàng,"T?n tâm, chu ?áo, l?ng nghe khách hàng"
T? v?n rõ ràng,Nhi?t tình
T? v?n r?t t?n tình,Chân th?t tin t??ng tvv
Vì gi?i thi?u b?o hi?m v?i ng??i khác hi?n gi? h?i khó kh?n,Không có
"Ok,",Ok
Nhanh,"T? v?n nhi?t tình, chi ti?t t?ng ?i?u kho?n H?"
"Uy tín, gi?i quy?t quy?n l?i nhanh.",?úng
.,Thân thi?t
T?t,T?t
T? v?n viên nhi?t tình ??m b?o l?i ích,Luôn ??m b?o l?i ích cho khách hàng
Nhân viên nhi?t tình,Hài lòng
"S?n ph?m hay, t? v?n nhi?t tình",T? v?n k? và d? hi?u nh?ng v?n ?? KH còn th?c m?c
nhân viên chuyên môn cao,kh? n?ng giao ti?p t?t
B?o v? toàn di?n,Nhi?t tình
"T? v?n viên nhi?t tình, gi?i thích chi ti?t d? hi?u","T? v?n viên nhi?t tình, gi?i thích chi ti?t d? hi?u"
Uy tín,"'- Nhi?t tình, nhi?t huy?t vì công vi?c, ch?m ch?, ch?u khó, r?t bi?t cách quan tâm và làm hài lòng khách hàng. T? v?n viên 10?i?m không có gì chê ??"
T? v?n nhi?t huy?t và gi?i thích quy?n loiaj cho khách hàng r?t chi ti?t,D? hi?u và ng?n g?n
Ch?t l??ng,R?t nhi?t tình và chuy?n nghi?p
"S?n ph?m hay, b?n t? v?n viên t? v?n ?úng nh? c?u","B?n t? v?n r?t k?, gi?i ?áp h?t th?c m?c c?a khách hàng 1 cách d? hi?u"
T? v?n viên t?t,T?t
Pru là cty BHNT có n?n t?ng lâu n?m.,"T? v?n viên thân thi?n, t? v?n rõ ràng, nhi?t tình"
Nhi?t tình t? v?n....,Nhi?t tình...
"Có t? lâu  t? khi còn nh? ch?a có Internet ?ã nghe ,c?m th?y uy tín",Nhi?t tình h? tr? .
T? v?n nhi?t tình,M?c b?o v? cao
D?ch v? t?t,?úng v?y
T? v?n viên nhi?t tình vui v?,Vui v? d? g?n
.,.
Không.,Không.
Th?y gói b?o hi?m không n?i tr?i h?n bên khác,T? v?n d? hi?u
T? v?n viên nhi?t tình chu ?áo,Thân thi?n g?n g?i luôn có m?t khi chúng tôi c?n l?i nhi?t tình chu ?áo
"S?n ph?n phù h?p,T? v?n nhi?t tình,d? hi?u","T? v?n d? hi?u , nhi?t tình,tr? l?i m?i th?c m?c c?a tôi"
ch? ?? ???c h??ng quy?n l?i,t?n tâm nhi?t tình
Quy?n l?i b?o v? khách hàng t?t,"Nhi?t huy?t , t?n tâm  , ch?m sóc khách hàng chu ?áo"
Nhi?t tình,Nhi?t tình
La tu van vien! Giai thich ro ve ban hop dong. Khong che dau,Rat nhiet tinh
T? v?n viên nhi?t tình,R?t nhi?t tình
Bh sk gia ?ình,T? v?n chi ti?t
S?n ph?m t?t,"T? v?n t?n tâm, th?t thà, nhi?t tình"
"D?ch v? ch?m sóc khách hàng t?t, th? t?c nhanh g?n","Nhi?t tình, gi?i thích rõ ràng d? hi?u"
.,.
Tôi nh?n th?y Prudential r?t quan tâm ??n nhu c?u an toàn khi tham gia b?o hi?m c?a khách hàng.,T? v?n rõ ràng và d? hi?u các ?i?u kho?n c?a h?p ??ng b?o hi?m và quy?n l?i c?a khách hàng khi tham gia b?o hi?m.
R?t hài lòng,T? v?n gi?i ?áp nhi?t tình
Ch?a tìm ra,Ch?a tìm ra
Nhi?t tình,Nhi?t tình t? v?n
Phát hành nhanh,Nhi?t tình
R?t t?t,R?t hài lòng
T? v?n t?t,Ch?nh chu và t? v?n nhi?t tình
T?t,D? thuong
Gói b?o hi?m phù h?p v?i nhu c?u tài chính t?ng khách hàng,"T? v?n rõ ràng, nhi?t tình, có tâm"
Tôt,"Kiên nh?n, nhi?t tình gi?i thích t?ng th?c m?c nh? c?a khách hàng"
Cty ch?m sóc khách hàng t?t,"Prudential làm vi?c chuyên nghi?p, t? v?n rõ ràng, h?p lý theo ?i?u ki?n tài chính c?a khách hàng"
Ph?c v? khách hàng chu ?áo t?n tâm,T? v?n rõ ràng rành m?ch
Dám l?y CCCD khách hàng t? lên h?p ??ng. L? thông tin khách hàng Yêu c?u xem xét l?i nhân viên 0904474104,nhân viên 0904474104 t? ý lên h?p ??ng
"S?n ph?m, d?ch v? và tvv t?t","Tvv chuyên nghi?p, nhi?t tình, chu ?áo"
Uy tín ch?t l??ng,Nhi?t tình
Xinh ??p,Xinh ??p
B?o v? chính mình ng??i thân s?n ph?m ?úng v?i m?c ?ích c?n,B?n t? v?n nhi?t tình t?n tâm s?n sàng gi?i thích th?c m?c c?a tôi
"T? v?n nhi?t tình, linh ho?t tài chính, nhi?u ?u ?ãi",Gi?i thích rõ ràng các quy?n l?i
D?ch v? ch?m sóc khách hàng r?t t?t,"Nhi?t tình, trách nhi?m"
Chân thành nhi?t tình,"T? v?n chuyên nghi?p, ch?nh chu v? trang ph?c"
T? v?n viên r?t nhi?t tình chu ?áo ?,t? v?n rõ nh?ng l?i ích c?a b?o hi?m
?i?u kho?n h?p lý,"T? v?n nhi?t tình, rõ ràng, chi ti?t."
"Tr??c kia tôi c?ng ?ã tham gia 2 gói b?o hi?m , ch?ng tôi ko may g?p r?i ro lúc ?ó nh?ng nhân viên bên công ty ?ã ??n ??ng viên th?m h?i và giúp tôi hoàn t?t m?i th? t?c r?t nhanh chóng ?? tôi v?ng vàng h?n trong cu?c s?ng",B?n T? v?n viên r?t nhi?t tình và chu ?áo
Ch?m sóc và h? tr? t?t,"T?n tình, chu ?áo"
Uy tín c?a Prudential,"Nhi?t tình, n?ng ??ng, am hi?u chính sách bh khi gi?i thi?u cho khách hàng"
nhi?t tình,Nhi?t tình
R?t hài lòng,Chu ?áo
Ph?c v? hài lòng,Nhi?t tình
H?u ích,"Trung th?c, nhi?t tình"
t? v?n rõ,nhi?t tình
"T? v?n viên chân thành nhi?t tình, quy?n l?i BH cao","T? v?n viên r?t nhi?t tình và chân thành, phân tích rõ ràng các ?iêid kho?n quy?n l?i và gi?i ?âp m?i th?c m?c c?a tôi khi tôi c?n"
Không,"Nhi?t tình và chu ?áo, chuyên nghi?p"
tin t??ng công ty,"tvv nhi?t tình, t? v?n rõ ràng"
Th??ng hi?u cty,"T? v?n rõ ràng, nhi?t tình"
T? v?n viên nhi?t tình,"Nhi?t tình, thân thi?t, chuyên môn t?t"
không,không
Kh?ng ??nh s? tin t??ng v?i khách hàng,"Nhi?t tình, t? v?n ??y ??"
"Chính sách, n?i dung c? th? , ràng",N?ng l??ng tích c?c
Ok,Ok
Nhi?t tình,Nhi?t tình
"T? v?n viên nhi?t tình, t? v?n c? th?","Nhi?t tình, t? v?n cun th?, rõ ràng, ??a ra bài toán tài chính c? th?"
"Ân c?n, nhi?t tình","Nhi?t tình, t?n tâm"
"T? v?n chuyên nghi?p, ch?t l??ng s?n ph?m phù h?p v?i nhu c?u tài chính c?a tôi","Tuy v?n chuyên nghi?p, rõ ràng ?? KH d? hi?u"
Uy tín,"Thân thi?n,t? v?n c?n c? chu ?áo"
"B?o hi?m bên Prudential v?n còn khá kén ch?n ng??i dùng, nên không ph?i ai c?ng gi?i thi?u ???c.",B?n nhân viên t? v?n r?t rõ ràng và hi?u rõ nhu c?u mà khách hàng ?ang mu?n tham gia.
Không có,Uy tín
Nhi?t tình  s?n  sàng  v?n  ?áp  m?i  th?c m?c,10 ?i?m
Uy tín,Nhi?t tình chu ?áo
Vì cong ty ??a ra s?n ph?m v?a b?o v? s?c kh?e v?a ti?t ki?m.,T? v?n s?n ph?m rõ ràng
Nhân viên t? v?n k? và d? hi?u v? m?i quy?n l?i khi tham gia b?o hi?m……,T? v?n viên nhi?t tình vui v?.ch?m sóc khách t?t.chu ?áo trong giao ti?p.nên mình r?t hài lòng v? cách t? v?n viên….
??i lý ch?m sóc t?t,Quan tâm ch?m sóc khách hàng
Nhân viên t? v?n r?t nhi?t tình,"Nhi?t tình thân thi?n,"
Ch?m sóc khách hàng t?t,T? v?n k? các l?i ích
"H?p ??ng tr??c t? v?n không r? và ch?a ??y ?? v? ch?m sóc s?c kho? c?ng nh? v? nhân th?, CTY và các ??i lý làm vi?t không ?òng nh?t","T? v?n c?ng ch? ti?t và ??y ?? v? gói b?o hi?m hi?n t?i, tôi không quen vi?c gi?i thi?u nh?ng g?p cu?c trò chuy?n nào có ?? c?p tôi s? chia s? nh? tôi nói trên."
"Vui v?, nhi?t tình",Nhi?t tình
"T? v?n viên có trình ?? cao, và nhi?t tình",Gi?i thi?u v? s?n ph?m phù h?p v?i gia ?ình tôi
s?n ph?m t?t,"T? v?n k?, tác phong chuyên nghi?p"
Không,Không
Không có gì,Không có gì
t? v?n nhi?t tình h?p lý,nhi?t tình và h?p lý
Th?y h?u ích cho t??ng lai,"Nhanh, d? hi?u"
"Thân thi?n , uy tín",Vui v?
"T? v?n viên làm r?t t?t công vi?c c?a mình, làm cho khách  hàng hi?u rõ các s?n ph?m c?n thi?t cho mình","TVV t? v?n rõ ràng, rành m?ch cho khách hàng"
Tu v?n nhi?t tình rõ rang,T? v?n rõ rang de hi?u
T? v?n k? v? các ?i?u kho?n,T? v?n c?n k?
T? v?n,Hài lòng t? v?n
Chi tr? k?p th?i,T? v?n t?n tâm d? hi?u
Yên tâm trong cu?c s?ng hi?n ??i hi?n nay,"Nhi?t tình, n?ng ??ng, k?p th?i,…"
"T? v?n nhi?t tình,  tr? l?i rõ ràng","Nhi?t tình,  tr? l?i rõ th?c m?c"
tin t??ng,nhi?t tình
"Uy tín,","t? v?n nhi?t tình, rõ ràng, minh b?ch"
Gi?i quy?t nhanh g?n,"Nhi?t tình, chu ?áo"
R? ràng,R? ràng chi ti?t
Tin c?y,T?n tâm
"T? v?n ?úng, phù h?p , gi?i quy?t nhanh chóng","T?n tâm, t?n tình"
T?t,T?t
Tôi th?y r?t hài lòng,Ân c?n ch? b?o tôi t?ng ly t?ng tí ?? giúp tôi hi?u rõ h?n v? Prudential
T? v?n viên nhi?t tình,Nhi?t tình
T? v?n t?t,Gi?i thích rõ ràng
T? v?n t?t và nhi?t tình,T? v?n t?t và nhi?t tình
Ch?m sóc khách hàng t?t,T? v?n có tâm
S?n ph?m t?t,"T? v?n k?, d? hi?u, nhi?t tình"
"Nhân viên t? v?n d? hi?u, th??ng hi?u công ty n?i ti?ng","T? v?n d? hi?u, ch?m sóc khách t?t. H? tr? khi c?n nhanh chóng"
L?n ??u tham gia,C?n th?i gian
"Tu v?n nhi?t tình, d? hi?u",Nhi?t tinh
"T? v?n viên r?t nhi?t tình và chân thành, t? v?n ?úng nhu c?u c?a tôi","T? v?n viên r?t nhi?t tình và chân thành, t? v?n ?úng nhu c?u c?a tôi"
Quy?n l?i cao cho ng??i dùng,Nhân viên t? v?n nhi?t tình và chu ?áo giúp khách hàng hi?u h?t ???c quy?n l?i và t?m quan tr?ng c?a b?o hi?m
Mong m?i ng??i có ?i?u ki?n ti?p c?n v?i b?o hi?m Prudential,Nhi?t tình
T? v?n t?t,T? v?n t?t
"gói s?n ph?m phù h?p , nhân viên t? v?n chuyên nghi?p , rõ ràng",t? v?n rõ ràng và nhi?t tình
Không,Không
"Nhân viên t? v?n nhi?t tình rõ ràng d? hi?u, t?n tình gi?i ?áp th?c m?c",T?t
Uy tín ??m b?o,"Nhi?t tình vui v?, ?áp ?ng yêu c?u c?a khách hàng"
T? l? 80/20,T? l? 80/20
Nhi?t tình,Nhi?t tình
"T? v?n th? t?c và x? lý, gi?i quy?t t?t","T?n tình, h??ng d?n ??y ?? chính xác"
Quan tâm ??n khách hàng,T? v?n d? hi?u
Tôi th?y b?o v? quy?n l?i ch?m sóc s?c kh?e t?t,T? v?n viên t? v?n nhi?t tình
H?u ích,Chân thành
Ch?m sóc,Ch?m sóc tôt
Prudential ?ã cho ra nh?ng s?n ph?m b?o hi?m r?t t?t và làm vi?c r?t chuyên nghi?p,"T? v?n viên ?ã r? v?n r?t nhi?t tình và d? hi?u , t?o ???c cho khách hàng s? tin t??ng"
"S?n ph?m t?t, t? v?n viên t?n tình.",T? v?n rõ ràng m?i ?i?u kho?n
T? v?n viên nhi?t tình chu ?áo,T? v?n viên nhi?t tình chu ?áo r?t hài lòng
T? v?n gi?i quy?t quy?n l?i nhanh g?n rõ ràng,C?n th?n nhi?t tình
T?n tâm và tin t??ng,"T? v?n rõ ràng ,gi?i ?áp nh?ng th?c m?c"
Khi khó kh?n m?i vay ti?n. Mà ngân hàng v?i bh liên k?t v?i nhau ép bu?c ng??i ?i vay mua bh,"TV. T?t vui v?. Có ki?n th?c v? ch? ?? chính, sách c?a bh"
không có,nhi?t tình h??ng d?n rõ ràng
Quy?n l?i ???c ??m b?o khi mua b?o hi?m.,"T? v?n viên nhi?t tình, gi?i ?áp m?i th?c m?c và t? v?n r?t k? càng."
Có uy tín,Giúp khách hàng hi?u rõ ích l?i c?a BH
"T? v?n t?n tâm, gi?i thích rõ t?ng h?ng m?c khi tham gia, chu cháo và làm vi?c nhanh g?n hi?u qu?",T? v?n chi ti?t và d? hi?u
Uy tín - ??m b?o - ch?t l??ng t?t,T? v?n nhi?t tình k? l??ng giúp khách hàng hi?u rõ h?n v? b?o hi?m
Prudential tôi và gia ?ình ?ã tham gia r?t nhi?u n?m r?i. Và nh?ng ng??i chúng tôi th?y phù h?p và kh? n?ng mua ???c ?ã gi?i thi?u h?t r?i.,T? v?n viên t? v?n r?t hài lòng. Còn v? vi?c gi?i thi?u thì t?i không ch?n nên tôi ch?n ?ánh giá ch?c ch?n không.
Có m?t lâu n?m trên th? tr??ng,Nhi?t tình
Nhân viên t? v?n,R?t hài lòng v? nhân viên t? v?n
10,R?t hai lòng
"Uy tinh, chuyên nghi?p, t?n tâm ph?c v?",T? v?n phù h?p v?i ng??i tham gia b?o hi?m
Nhiet tinh,Hai long
B?o v?,An toàn cho ng??i thân
T? v?n k? quy?n l?i nhi?t tình chu ?áo,T? v?n k? quy?n louwj và trách nhi?m
Quy?n l?i b?o v? khách hàng t?i ?a phù h?p v?i cu?c s?ng,Mong mu?n m?i ng??i thân ???c b?o v?
T? v?n nhi?t tình,"C?i m?, thân thi?n"
Nhi?u ?u ?ãi,Chuyên viên t? v?n nhi?t tình
T? v?n viên r?t t?t,R? hi?u
"T? v?n viên r?t nhi?t tình. Chu ?áo,vui v?. R?t t?t ?","T? v?n ?úng gói khách hàng c?n 
R?t thuy?t ph?c , chu ?áo, vui v?, nhi?t tình…."
Prudential  th?m ??nh nhanh chóng chi tr? k?p th?i s?n ph?m phù h?p v?i khách hàng có m?c phí dành cho s? b? tr? khá ?u ?ãi,T? v?n viên t? v?n chính xác c? th? rõ ràng quan tâm ch?m sóc chu ?áo vào các d?p s? ki?n hay ?au ?m các GQQL b?o hi?m
T? v?n r?t nhi?t tình,"T? v?n viên r?t nhi?t tình, chân thành"
0,0
???c t? v?n rõ ràng.,"D? m?n, nhi?t tình."
T? v?n nhi?t tình và có tâm,Nhi?t tình có tâm
T? v?n trung th?c,Hài lòng
"t? v?n rõ ràng, h? tr? nhi?t tình. Vui v? thân thi?n","nhi?t tình, rõ ràng, thân thi?n"
s?n ph?m linh ho?t,"T? v?n nhi?t tình, ?úng ?? nhu c?u"
"S?n ph?m t?t, phù h?p v?i cá nhân","T? v?n d? hi?u, nhi?t tình"
S? gi?i thích và t?n tâm,Gi?I thích nh?ng th?c m?c
Làm t?t,T?t
B?o v?,T? v?n k? và nhi?t tình.
Th?m ??nh c?u k? và r??m rà,T? v?n th?t tình
Nhân viên t? v?n t?n tâm,Nhân viên t? v?n t?n tâm
R?t hài lòng,Nhi?t tình
Quy?n l?i mà khách hàng nh?n ???c và ???c chi tr? quy?n l?i r?t x?ng ?áng,"T? v?n viên t? v?n ,nhi?t tình,t? v?n thi?t th?c ,th?t s? c?n thi?t và hi?u qu? nh?ng quy?n l?i t? b?o hi?m ?em l?i và b?o v? ng??i ?óng h??ng b?o hi?m"
Ch? ?? tôt,"T? v?n nhi?t tình, có trách nhi?m"
TV có hi?u bi?t v? CTY và s?n ph?m gi?i thích d? hi?u cho khách hàng và ng??i thân,T?n tình chu ?áo
T?t c? ??u t?t,"T? v?n nhi?t tình, d? hi?u"
không có,"Nhi?t tình, trách nhi?m và s?n lòng gi?i ?áp."
Nhân viên t? v?n nhi?t tình,Ch?m sóc khách hàng t?t làm mình b?t ng?
Gia ?ình chúng Tôi luôn An Tâm  và hy v?ng . Công ty BHNT Pru?ential  luôn  phát tri?n B?n v?ng ? . Luôn ??ng Top  ??u ngành BHNT . Uy Tín . Ch?t l??ng . ?i?m 10 x?ng ?áng ?,Th?t h?u ích và Tuy?t v?i ?  . T? v?n viên v?a có Tâm ??c l?i có T?m nhìn xa . Hi?u bi?t luôn giúp ?? m?i Ng??i khi g?p khó kh?n
T? v?n viên nhi?t tình chu ?áo,T? v?n nhi?t tình chu ?áo
Tv nhi?t tình,Nhi?t tình
"Khi ng??i thân tôi m?t , b?o hi?m ?ã gi?i quy?t h? s? cho tôi theo quy ??nh pháp lu?t","Nhi?t tình , t?t b?ng , thân thi?n , h??ng d?n tôi gi?i quy?t h? s? c Hu?nh Th? Kim Thanh khu v?c Long Thành - ??ng Nai"
T? v?n viên nhi?t tình,T?n tâm
Mình th?y s?n ph?m này phù h?p vs nh? c?u c?a mình,Vui v? nhi?t tình t? v?n có tâm
Ch?m sóc t?t .t? v?n t?t cho khách hàng c? v? ki?n th?c và tài chính,T? v?n viên hi?u bi?t sâu s?c v? b?o hi?m nhân th?.và bi?t tháo g? nh?ng khu?t m?c trong t? t??ng tâm lý c?a khách
Vi là khi mình mua thì ???c b?o v? v? s?c kh?e và tài chánh khi gia ?ình g?p chuy?n r?i ro,Nhi?t tình gi?i thích d? hi?u có tâm vui v?
??a ra m?c ?óng b?o hi?m phù h?p,??a ra m?c ?óng phù h?p
10 ?i?m,10 ?i?m
Gói b?o hi?m h?p lý v?i nhu c?u,"T? v?n th?t thà , rõ ràng ko vòng vo d?i trá"
Không,Không
Ch?m sóc khách hàng r?t t?t,"Thái ?? làm vi?c chuyên nghi?p , ph?c v? r?t t?t, chu ?áo."
phù h?p,"Nhi?t tình, t? v?n rõ ràng"
Ch?m sóc khách hàng c?n th?n,Làm t?t
Phù h?p nhu c?u và n?ng l?c tài chính,"Nhi?t tình, thân thi?n, chuyên nghi?p, t?n tâm."
T? v?n nhi?t tình .,T? v?n nhi?t tình
T?t,Nhi?t tình
Nhi?t tình,T? v?n t?t
S?n ph?m t?t cho nhu c?u,T? v?n t?n tình
"T? v?n viên nhi?t tình, t? v?n rõ ràng d? hi?u trung th?c",T? v?n rõ ràng d? hi?u
B?i vì mình tint??ng b?o hi?m,"T? v?n viên t? v?n c?n th?n , d? hi?u cho khách . Chu ?áo"
Không có,Không có
Tôi th?y an tâm khi ???c b?o v?,Chuyên viên t? v?n r?t t? m? và chuyên nghi?p
L?i ích c?a BH,"Nhi?t tình, chuyên nghi?p."
Phát hành nhanh,T? v?n nhi?t tình
.,Tôi không thích mua b?o hi?m thông qua ngân hàng
T?t c?,T?t c?
R?t nhanh và g?n,Nhi?t tình
?úng cam k?t theo h?p ??ng,H?p lý và ?úng nh? c?u theo mong mu?n c?a khách hàng
"Nhân viên t? v?n nhi?t tình, ??a ra nh?ng n?i dung c? th?, nh?ng tr??ng h?p c? th? khi tôi tham gia BHNT tôi s? có nh?ng quy?n l?i gì.",Quá nhi?t tình h? tr? khi mà tôi có nh?ng câu h?i hay b?n kho?n thì T? v?n viên ??u h? tr? gi?i ?áp k?p th?i
Ch?m sóc khách hàng t?t,"Nhi?t tình, chu ?áo, k? l??ng"
Ch? ?? h?p lý và h?p ??ng rõ ràng..nhân viên t? v?n nhi?t tình,T? v?n nhi?t tình..h? tr? r?t t?t
"M?c ?u ?ãi , t?ng ?i?m , t?ng quà  , ?u ?ãi ch?m sóc s?c kh?e k?p th?i cho khách hàng ....","T? v?n d? hi?u , t?n tình chu ?áo v?i khách hàng"
"NHÂN VIÊN NHANH NH?N, NHI?T TÌNH CHUYÊN NGHI?P",TVV T? V?N NHI?T TÌNH
Ok,Chuyên nghi?p
Yên tâm tin t??ng,"T? v?n ?úng trung th?c.nhi?t tình, t?n tâm"
"T? v?n viên nhi?t tình, t? v?n k?, rõ ràng","Nhi?t tình, t? v?n c? th?, rõ ràng"
Lãi su?t k? v?ng t?t,Nhi?t tình và chuyên nghi?p
Tôi m?i tgia b?o hi?m nên ch?a có c? s? ?? ?ánh giá ?i?m cao h?n cho các quy?n l?i ???c h??ng c?a Prudential,"Nhi?t tình, h? tr? k?p th?i t?n n?i"
Chuyên nghi?p chi ti?t rõ ràng,Nhi?t tình t? v?n chi ti?t quy?n l?i và lo?i tr?.
M?i tham gia nên ch?a nh?n xét ???c.,T? v?n viên c?ng nhi?t tình h??ng d?n.
C?ng ok,Th?t tình
"Nhi?t tình , chu ?áo","Nhi?t tình , chu ?áo"
"T? v?n viên nhi?t tình, vui v?",T? v?n viên t? v?n nh? 1 gia ?ình ch? kh ph?i vì bán hàng
ok,ok
Tôi tin t??ng và r?t hài lòng v?i s?n ph?m,T? v?n viên giúp tôi r?t d? hi?u v? các s?n ph?m.
An toàn và phù h?p,Chu ?áo nhi?t tình
Yên tâm,T? v?n t?t
Th? t?c nhanh chóng,T? v?n hài lòng
"Có nh?ng t? v?n viên  quan tâm ch?m sóc, gi?i thi?u s?n ph?m r?t nhi?t tình","T? v?n chuyên nghi?p, k? n?ng tr? l?i th?c m?c c?c k? t?t, gi?i thi?u s?n ph?m rõ ràng, ch?nh chu trong khâu ?n m?c, các tài li?u chu?n b? ??u có s? ??u t?, 10 ?i?m không có nh?ng"
ý ngh?a và giá tr? nhân v?n cao,ph?c v? r?t t?t v? t?t c? m?i vi?c
M?i tr?i nghi?m,"Thân thi?n, nhi?t tình"
Dsuwj t?n tâm c?a ??i lý,C?n th?n và t?n tâm
P,P
"T? v?n viên nhi?t tình, gi?i thích c?n k?, rõ ràng các lo?i hình d?ch v? c?a Công ty.","Nhi?t tình, gi?i thích k? l??ng, t? v?n gói d?ch v? phù h?p cho khách hàng"
Các gói b?o hi?m ?a d?ng nên d? dàng l?a ch?n gói phù h?p nhu c?u,Nhi?t tình
t?t,t?t
?i?u kho?n rõ ràng,Nhi?t tình
T?t,T?t
Th?t tuy?t v?i,T? v?n viên quá xu?t s?c
Pru có s?n ph?m b?o v? t?t,"T? v?n t?n tình, d? hi?u"
An tâm,T?n tình
?a d?ng s?n ph?m,T? v?n rõ ràng
Không,T?t
?áng xem xét và tham kh?o,"Chuyên nghi?p
T?n tình"
S? ch?m sóc nhi?t tình ?em l?i cho khách hàng tin t??ng  ?? tham gia v?i b?o hi?m,T? v?n cho khách hàng r? ràng ?em l?i s? ti t??ng
"T? v?n viên nhi?t tình , chu ?áo. Tue v?n rõ ràng h?p lý , phù h?p v?i gia ?ình tôi","Ch? ?y r?t rõ ràng trong cách t? v?n, ch?m sóc các gói b?o hi?m hàng n?m c?a gia ?ình tôi r?t chu ?áo. S? t?n t?y v?i ngh? c?a c ?y khi?n tôi yên tâm"
"Luôn ??t quy?n l?i khách hàng lên trên h?t
Gi?i quy?t nhanh nh?ng v??ng m?c, l?i ích cho khách hàng",Tâm tâm - Nhi?t tình
T?n tình chu ?áo,Chu ?áo
Bao v? tr?n v?n,T? v?n ro rang
"T? v?n viên nhi?t tình, chu ?áo",T?n tình
T? v?n viên nhi?t tình r?t rõ v? các s?n phâm,Tuy?t ??i
Pru có nhi?u ?u ?i?m,Vì tvv Nguy?n th? H??ng Liên ?ã t? v?n gi?i thích r?t nhi?t tình v? quy?n l?i c?a s?n ph?m làm tôi yên tâm khi mua
"Chuyên nghi?p, t??ng minh","V?ng nghi?p v?, n?m rõ v?n ??, s?n sàng h? tr? khách hàng"
"B?i vì ch?a có nhi?u th?i gian g?p g? nhóm ??i t??ng con cháu, còn b?n bè thì ??u cùng cao tu?i không quan tâm nhi?u ??n BH",Nh? trên
Sale gi?i thi?u r?t t?t,Nhi?t tình
Vì khi ?óng ?? th?i h?n 10 n?m v?n không l?y ?? s? ti?n ?ã ?óng hàng n?m,Do ng??i thân và b?n bè không ai có nh? c?u mua b?o hi?m
T?t,T?t
Ch?m sóc khavhs hàng,T? v?n t?t
Mình th?y r?t hài lòng,?i?u r?t hài lòng
Mình th?y bên CTY ?c nhi?u ng??i ?ánh giá uy tín,"Nhi?t tình , t? v?n rõ ràng"
"Tôi th?y công ty Prudential là công ty l?n, phát tri?n và uy tín, ng??i thân c?a tôi c?ng tham gia b?o hi?m Prudential nên tôi th?y tin t??ng.","T? v?n viên ?ã t? v?n cho tôi r?t chi ti?t v? h?p ??ng mà tôi tham gia, quy?n l?i tôi ???c h??ng c?ng nh? nh?ng ngh?a v? c?a tôi trong h?p ??ng. T? v?n viên c?ng h??ng d?n tôi làm các th? t?c r?t t?n tâm."
R?t t?t,Nhi?t tình
Nêu b?t giá tr? c?t l?i c?a h?p ??ng b?o hi?m,Nói lên ???c giá tr? th?c s? c?a h?p ??ng b?o hi?m ?úng nh? c?u c?a ng??i dân
Không,Không
Không,Không
Ko có,Ko ?
Tin c?y ??m b?o uy tín,Nhi?t tình chu ?áo
T?m ?n,T?m ???c
"Nhân viên nhi?t tình,gói r? ??m b?o an toan",Không
S?n ph?m b?o hi?m phù h?p,"Nhi?t tình , h? tr? và t? v?n t?t"
Nh? c?u,Ph?c v? nhi?t tình
2/10,'-100/10
T?t,R?t t?t
Tài chính cá nhân,Không
Phí b?o hi?m ?n,Nhi?t tình
B?o hi?m Pru r?t t?t,"T? v?n viên n?m rõ h?p ??ng t? v?n c? th? rõ ràng, gi?i ?áp ???c h?t th?c m?c"
"B?o v? t?t, tvv nhi?t tình","Tvv t? v?n rõ ràng,"
Các b?n tvv r?t nhi?t tình và chu ?áo,Tôi r?t gài lòng
vì nó phù h?p v?i nhu c?u tài chính c?a m?i gia ?ình,t? v?n viên nhi?t tình
Ch?m sóc,Ch?m sóc
Prudential b?o v? s?c kh?e t?t cho r?t nhi?u ng??i.,"Nhi?t tình, có tâm huy?t"
D?ch v? c?a prudential khi?n tôi r?t hài lòng,Chuyên viên t? v?n tài chính t? v?n vô cùng chi ti?t
Không,Không
Ch?m sóc khách hàng t?t,"T? v?n t?t, nhi?t tình"
Ch?t l??ng s?n ph?m b?o v? t?t,T? v?n nhi?t tình chi ti?t
Nhân viên t? v?n nhi?t tình,T? v?n viên có tâm và nhi?t tình
D?ch v?,Nhi?t tình
Không có gì c?,Bình th??ng
R?t t?t,R?t tôt
B?n bè ?ã tham gia b?o hi?m nhân th?,Nhi?t huy?t
"T? v?n viên Anh Tu?n và Nhân nhi?t tình tâm huy?t, t?n t?y, gi?i quy?t nh?n ti?n nhanh","Nhi?t tình và chuyên nghi?p, vui v? thân thi?n"
T?t,R?t nhi?t tình
T? v?n nhi?t tình chu ?áo,"T? v?n viên nhi?t tình,  gi?i ?áp d? hi?u"
Gi?i quy?t v?n ?? nhanh,"Nhi?t tình, chân thành và luôn ngh? cho khách hàng"
"à không, t?i tôi h??ng n?i, nên tôi s? không gi?i thi?u m?y v?n ?? này cho ng??i khác","hoà ??ng, d? tính, nhi?t tình"
an tâm,nhi?t tình
Ch?a hi?u h?t v? nó,Ch?a th?t s? rõ ràng
S?n ph?m ?u vi?t,"Chuyên nghi?p, nhi?t tình"
Ph?c v? c?a t? v?n viên,Tinh th?n ph?c v? t?n tình chu ?áo trung th?c
T? v?n viên nhi?t tình,"Ch?m sóc khách hàng chu ?áo, nhi?t tình giúp ?? m?i lúc  khi khách c?n"
Tôi hi?u rõ v?n ?? ???c b?o v?,T? v?n chính xác cho Tôi
"T? v?n rõ ràng, nhi?t tình",Chân thành
Luôn luôn quan tâm & h? tr? khách hàng m?t cách t?t nh?t và s?m nh?t có th?,?ã và ?ang làm vi?c h?n 20 n?m nay
Riêng mình c?m th?y t?t,Gi?i thi?u t?t
"S?n ph?m  d? hi?u, linh ho?t","T? v?n nhi?t tình, d? hi?u"
T? v?n nhi?t tình,Nhi?t tình
"Nhanh, t?n tình, rõ ràng","Chu ?áo, nhanh chóng, t? v?n chính xác"
9,8
T? v?n rõ ràng,K?p th?i
Ok,Ok
S? tin t??ng,Nhi?t tình
T? v?n viên t?t,T? v?n viên t? v?n chân thành nhi?t tình
Hài lòng,T? v?n nhi?t tình
Nhanh nhân viên t? v?n nhi?t tình h? tr? r?t nhi?u,Nhanh nhân viên t? v?n nhi?t tình h? tr? r?t nhi?u
"S?n ph?m t?t
M?c ?? tin t??ng cao",Nhân viên t? v?n nhi?t tình. Ch?m sóc khách hàng chu ?áo.
"Quy?n l?i ng??id tham gia b?o hi?m t?t, nhân viên t? v?n nhi?t tình d? hi?u",T? v?n viên bi?t khai thác nhu c?u c?a kh- l?i ích cuat kh ???c b?o v? tuy?t ??i
Ch?ng ki?n nhi?u hoàn c?nh ko may m?n trong th?i gian tham gia b?o hi?m mà b?o hi?m v?n t?i k?p th?i v?i h? và ng??i thân h?. Tôi ko may ?i n?m vi?n và có mua th? bh c?a pru. Nh?ng c?ng ko may tr??ng h?p tôi l?i b? lo?i tr? và ko ???c thanh toán b?o hi?m.,"Nhi?t tình , chia s? , gi?i thích k? , sâu , chuyên nghi?p , ki?n th?c hi?u sâu."
"Nhân viên t? v?n nhi?t tình, nhi?u quy?n l?i cho khách hàng",Gi?i thích rõ ràng cho khách hàng hi?u v? các quy?n l?i
Tvv h? tr? khách hàng nhi?t tình,S?n ph?m t?t phí r?
10 ?i?m,Ok
t? v?n viên nhi?t tình,hi?u bi?t nhi?t tình
T? v?n viên nhi?t tình chu ?áo,tâm tình thân thi?n
Tôi ?ã tham kh?o s?n ph?m này t? lâu r?i nay tôi m?i tham gia vì tôi th?y b?o hi?m phù h?p v?i nhu c?u c?a tôi,Em ??i lí t? v?n vui v? nhi?t tình r?t là chu ?áo gi?i thích cho tôi hi?u s?n ph?m b?o hi?m này
Uy tín. Nhanh g?n,T? v?n rõ ràng. D? hi?u. Khi?n khách hàng có cái nhìn thi?n c?m v? b?o hi?m nhân th? và l?i ích mang l?i cho b?n thân c?ng nh? gia ?ình
Làm t?t,Làm t?t
t? v?n nhi?t tình,t? v?n nhi?t tình
"Nhân viên t? v?n nhi?t tình, chú ?áo. T? v?n t?n tâm.","Nhân viên t? v?n nhi?t tình, chú ?áo. T? v?n t?n tâm."
.,R?t nhi?t tình
Tôi tin t??ng vào ??i lý c?a tôi là Lê Thi Nhung,T? v?n viên khi?n tôi r?t tin t??ng
H?n m?c c?a b?o hi?m ?úng v?i mong mu?n c?a tôi.,"T? v?n viên t? v?n nhi?t tình, thân thi?n, vui v?"
"T? v?n viên nhi?t tình, t? v?n chu ?áo, t?n tình, ??y ??, chuyên nghi?p v? s?n ph?m",T? v?n s?n ph?m ?úng và chuyên nghi?p
Ok,Tuy?t v?i
"m?i th? ? m?c ?n, có vài tr?c tr?c trong lúc ghi âm h? s?","b?n ??u v?n ?úng và ??, nhi?t tình"
?áp ?ng ???c nhu c?u,Ph?c v? t?t
"T? ng??i thân chia s? cho tôi, và tôi quy?t ??nh mu?n tham gia gói BH này,","T? v?n nhi?t tình,có tâm, gi?i thích d? nghe d? hi?u,"
H?u ích,"R?t nhi?t tình và rõ ràng gi?i thích c?n k? d? hi?u, nói chung t? v?n r?t có tâm."
10,10
?áp ?ng ???c yêu c?u c?n và ?? trong quá trình th?m khám s?c kho?,?áp ?ng t?t yêu c?u c?a khách hàng
T? v?n và th?c hi?n theo nguy?n v?ng khách hàng,Khách hàng hi?u và hài lòng
"Sp tot. Tv viên t? v?n rõ ràng, d? hi?u",S?n ph?m t?t . T? v?n viên t? v?n rõ ràng d? hi?u
toi tin t??ng va yen tam khi su dung bao hiem Prudential,tu van rõ ràng
hop lý,tot
T? v?n viên t? v?n rõ ràng chi ti?t,Vui v?
"T? v?n viên am hi?u s?n ph?m, t? v?n nhi?t tình d? hi?u, s?n ph?m t?t, tôi tin t??ng t? v?n viên","T? v?n viên quá chi ti?t, r?t c?n th?n h??ng d?n. M?i th? rõ ràng. M?i ?i?u kho?n ?c t? v?n th?t d? hi?u"
B?o v? r?i ro phù h?p nhu c?u,T? v?n nhi?t tình
N?u h? có nhu c?u  tôi s? gi?i thi?u,N?u h? có nhu c?u mua tôi s? gi?i thi?u cho h?
Vì Prudential r?t thi?t th?c và b?o v? cho gia ?ình t?i ?u nh?t khi ng??i tr? c?t gia ?ình g?p v?n ?? trong cu?c s?ng,"T? v?n viên nhi?t tình, gi?i thích c?n k? ?i?u kho?n và quy?n l?i và deawcj tính s?n ph?m cho ng??i than gia b?o hi?m"
T? v?n viên nhi?t tình,T? v?n rõ và nhi?t tình
"Nhân nhiên t? v?n quá t?t, nhi?t tình","Nhân viên t? v?n quá t?t, nhi?t tình"
Gói b?o hi?m phù h?p v?i tôi,B?n này t? v?n t?t vui v? ch?u khó tr? l?i h?t các th?c m?c c?a tôi
nhân viên t? v?n nhi?t tình,"gi?i thích rõ ràng , chi ti?t và d? hi?u"
Không,Nhi?t huy?t
?áng tin c?y,Gi?i thi?u t?t
B?o hi?m t?t,T? v?n viên vui v? nhi?t tình ch?m sóc khách hàng
Không,Không
Không,T?t c?
T? v?n nhi?t tình,Nhi?t tình
ch?m sóc k.hàng t?t,nhi?t tình
T? v?n t?t,Có
T?t,T?t
"S?n ph?m ?a d?ng , ?áp ?ng ???c nhu c?u c?a khách hàng. T? v?n viên nhi?t tình h? tr? gi?i ?áp khúc m?c mà khách hàng ?ang do d? tr??c khi tham gia nên r?t yên tâm",Gi?i ?áp th?c m?c v? s?n ph?m mà khách hàng ?ang mu?n tham gia
D?ch v? T?t,Ch?m sóc t?t
"Nhân viên t? v?n r?t nhi?t tình, chi ti?t và c?n th?n","Nhân viên t? v?n r?t nhi?t tình, chi ti?t và c?n th?n"
.,.
Không có v?n ?? gì,Nhi?t tình
S?n ph?m t?t t? v?n nhi?t tình,T?t
"Các ?i?u kho?n rõ ràng, minh b?ch và d?a vào uy tín c?a Prudential.","Tu v?n rõ ràng, nhi?t tình, chu ?áo."
Phù h?p v?i t?m tài chính c?a tôi.,"T? v?n nhi?t tình, nhanh g?n d? hi?u"
Tôi tin t??ng và r?t hài lòng,Không c?n c?i thi?n gi âm
Nhân viên nhi?t tình vui v?,R?t t?t
D?ch v?,nhi?t tình và t?n tâm
Tvv nhi?t tình,Nhi?t tình
Vì là khách hàng m?i nên ch?a có tr?i nghi?m,"T? v?n viên r?t nhi?t tình chu ?áo, song mình là khách hàng nên vi?c gi?i thi?u cho ng??i khác không ph?i trách nhi?m c?a mình"
Thân thi?n. Nhi?t tình,Thân thi?n. Nhi?t tình
Nhân viên vui v?,T? v?n nhi?t tình h?i gì c?ng tr? l?i
Tvv uy tín tv k?,"T? v?n chuyên nghi?p, ph?c v? t?n tình"
ok,ok
Nhân viên t? v?n gói r?t phù h?p v?i nhu c?u,T? v?n r?t k?
Tùy nhu c?u,Bt
TVv ph?c v? t?t,"T? v?n rõ ràng, c?n th?n, nhi?t tình"
"Uy tín và thanh toán phí nhanh, ti?n l?i.","Nhi?t tình, t? v?n t?n tình và rõ ràng v? quy?n l?i c?a khách hàng."
Rât hài lòng,Tu vân nhi?t tình
Ko cho bi?t kp khám,Theo khuôn kh? quá
T?t,H? tr? nhanh
Hay,Hay
?ào t?o nhân viên t? v?n t?t,T? v?n nhi?t tình
Vì b?n thân ch?a tr?i nghi?m,"Nhi?t tình,thân thi?n,t? v?n rõ ràng"
S? yên tâm,T? v?n t?t
không có v?n ?? gì c?. vì gia ?ình tôi tham gia b?o hi?m này g?n nh? toàn b?.,hoàn toàn không v?n ?? gì.
Không,Không
T?t,T?t
B?o v? s?c kh?e ?n,T? v?n nhi?t tình
C?m th?y ok,Nhân viên t? v?n nhi?t tình
Chât l??ng d?ch v? ?áp ?ng ???c nhu c?u khach hàng,T? v?n c? th? v?i nhu c?u c?a khách hàng
T? v?n nhi?t tình,T? v?n nhi?t tình
T? v?n viên r?t nhi?t tình,R?t t?t
"T? v?n viên nhi?t tình, chuyên nghi?p, t? v?n ?úng nhu c?u","Nhi?t tình, chuyên nghi?p"
S?n ph?m oki,Ng??i t? v?n tuy?t v?i
"t?n tu? v?i khách hàng, luôn l?ng nghe ý ki?n khách hàng","nhi?t tình v?i khách hàng, t? v?n rõ dàng, th?u hi?u khách hàng"
Làm ?úng v?i h?p ??ng,Ch?m sóc khách hàng t?t
B?o v? l?i ích c?a khách hàng,Tv k? càng. Gi?i ?áp m?i th?c m?c c?a Kh
R?t hài lòng,R?t nhi?t tình và chu ?áo
Không,Có
Chu ?áo,Nhi?t tình
Ra h?p ??ng b?o v? con ng??i,tv d? hi?u
T?t,T?t
T?t,Ok chuyên nghi?p
Tích lu?,Nhi?t tình
An tâm trong cu?c s?ng,T? v?n ?? . ?úng
Th?y uy tín,Nhi?t tình vui v?
T? v?n d?ch v? t?t,"Nhi?t tình chu ?áo, chuyên nghi?p"
chính sách h? tr? quá t?,"vui v?, hoà ??ng, nhi?t tình"
Không có,T? v?n
9,"R?t chi ti?t, t? m?"
Ko còn ?i?u gì,T? v?n viên 10000 ?i?m
Tôi c?m th?y r?t yên tâm tin t??ng,R?t  có tâm
B?n bè gi?i thi?u,Nhi?t tình
?áp ?ng nhu c?u khách hàng t?t,"T? v?n nhi?t tình,d? hi?u,rõ ràng"
Tôi ???c b?o v? s?c kh?e,Tv nhi?t tình
Nhân viên t? v?n nhi?t tình,"Nhi?t tình, t?n tâm"
H?i khó gi?i thi?u t?i ng??i khác,Nhi?t tình
B?o v? t?i ?a s?c kho? c?a m?i ng??i,"T? v?n chính xác, phù h?p v?i gia ?ình"
Th?i gian có hi?u l?c lâu quá,Nhi?t tình
Kinh t? ch?a phù h?p,Ch?a ch?c ng??i khác c?n
Quá hài lòng,Quá hài lòng
B?o v? và trách nhi?m t?t,Nhi?t tình c?i m?
Ch?m sóc khách hàng t?t,Ch?m sóc t?n tình
Duoc tu van de an tam ve tai chinh,An tam khi chon prudential
S? nhi?t tình và ch?t l??ng ???c b?o ??m,?áng tin c?y
R?t uy tín,T? v?n viên r?t nhi?t tình
T?t,T?t
Ho?t ??ng t?t t?trung th?c,T? v?n s?n ph?m tôt
"Tvv t? v?n k? càng, nhân viên qu?y d?ch v? h? tr? n?p ti?n nhi?t tình, vui v?","T? v?n k?, phù h?p v?i nhu c?u tài chính"
Quy?n l?i cao,Nhuêtj tình
Chi tr? và ph?c v? khách hàng k?p thoi,T? v?n rõ ràng nhi?t tình
Bình th??ng,Hài lòng
Tôi ?ã ??ng hành cùng Prudential t? ngày các b?n vào Vi?t Nam ??????,"Nhi?t tình, có chi?u sâu"
"T? v?n viên t? v?n nhi?t tình,b?o hi?m uy tín an tâm cho ng??i tham gia",T? v?n viên t? v?n r?t t?n tâm mang l?i c?m giác an tâm cho ng??i dùng
Nhi?t tình,T? v?n nhi?t tình
Không,Nhi?t tình
Ng m?i lên tôi ch?a rõ,Không
M?i ng??i nên mua B?o hi?m ?? phòng tr? r?i ro,"Nhi?t tình,vui v?"
Th? ch?m sóc S?c kho?,T? v?n v? ch?m sóc s?c kh?e
Không có th?i gian,Không có th?i gian
"Uy tín c?a Th??ng hi?u, ??i ng? TVV pro","Uy tín, chân thành, nhi?t tình và pro"
Kh,Kh
Uy tín,Uy tín
L?i ích c?a prudential mang l?i cho khách hàng tham gia b?o hi?m,"T? v?n nhi?t tình,gi?i thích k? v? quy?n l?i và ngh?a v? c?a khách hàng khi tham gia b hi?m"
An tâm,Tin t??ng
T? V?N NHI?T TÌNH GÓI B?O HI?M THI?T K? THEO NHU C?U C?A KHÁCH,T? v?n viên nhi?t tình
"V? lý thuy?t m?i th? ??u t?t, th?c t? s? v? s?y ra thì mình ch?a bi?t nên không ?ánh giá",Không
Gói b?o v? cho tôi và kèm ng??i thân,"R?t nhi?t tình, trách nhi?m"
inovation focus guest,take care and following support guest
"Quy?n l?i b?o hi?m h?p lý, t? v?n viên nhi?t tình và có tâm, và ???c cùng cty tr?i nghi?m nh?ng chuy?n du l?ch th?t ý ngh?a!","T? v?n nhi?t tình, rõ ràng v? ?i?u kho?n c?a b?o hi?m, vui v? thân thi?n."
T? v?n viên thân thi?n,T? v?n viên thân thi?n
"d?a vào l?ch s? hình thành và phát tri?n, nhân viên nhi?t tình, 
ng??i thân tin t??ng.","t? v?n nhi?t tình, d? hi?u"
Quy?n l?i c?a tôi khi tham gia,T? v?n rõ ràng
D?ch v? t?t,"T? v?n nhi?t tình, d? hi?u, chân thành"
Vì gia ?ình tôi ?ã tham gia bhnt trên d??i 10 n?m nay r?i th?y bh r?t có l?i cho b?n thân và gia ?ình khi không may ?m ?au,T? v?n viên làm r?t t?t
Ko  ?,Ok
Không,Không
gói b?o hi?m phù h?p,T? v?n phù h?p
ph?c v? t?t,ph?c v? t?t
Tin t??ng,"D? hi?u, nhi?t tình."
B?o v? quy?n l?i khách hàng.,Vui v? nhi?t tình
Phúc l?i,"Ph?c v?, t? v?n r?t t?t"
?n toàn và uy tín,H?p lý v? tài chính c?a tôi
CHI CH? QUY?N L?I  NHANH CHÓNG,T? v?n rõ  r?ng  ch?m sóc khách hàng t?t
T? v?n rõ,Nêu rõ quy?n l?i khách hàng
"Chi phí minh b?ch, d?ch v? ch?m sóc khách hàng t?t","T? v?n rõ các ?i?u kho?n , chi phí c?a h?p ??ng . T? v?n k? v? quy?n l?i c?a khách hàng ???c h??ng khi tham gia b?o hi?m"
"Chính sách , ch? ?? khách hàng ch?a n?m",Tu v?n nhi?t tình
Không,Không
Hop ly,Tuyet voi
9?,10
Không,Không
Ch?a ???c tr?i nghi?m th?c t?,Nhi?t tình trung th?c
"T? v?n t?n tâm, nhi?t tình và trách nhi?m ?ã t? v?n cho tôi s?n ph?m phù h?p v?i nhu c?u b?o v? c?a gia ?ình tôi","T? v?n r?t nhi?t tình, t? v?n k? v? s?n ph?m"
"t? v?n viên nhi?t tình ,t?n tình,t? v?n ??y ??","hài lòng vì t? v?n ?úng nhu c?u tôi,nhi?t tình t? v?n rõ ràng"
Ok,Tôi th?y ch?t l??ng t?t
"TV viên nhi?t tình,d? hi?u,gói phù h?p v?i kinh t? gia ?ình",R?t hài lòng
gi? nh? ?ã làm hi?n nay,d?ch v?
An tâm,An tâm
b?o v? quy?n l?i cho ng??i tham gia khi g?p r?i ro,t? v?n viên nhi?t tình am hi?u
"Nhân viên t? v?n chi ti?t, rõ ràng, nh?n th?y d?ch v? h?u ích.","T? v?n nhi?t tình, d? hi?u"
10,10
"T? v?n nhi?t tình, d? hi?u, s?n ph?m linh ho?t phù h?p v?i s? ti?n tham gia.","T? v?n nhi?t tình, d? hi?u, s?n ph?m linh ho?t phù h?p v?i s? ti?n tham gia."
hài lòng,t? v?n t?t
Nhân viên t? v?n nhi?t tình,T? v?n nhi?t tình
"Do l?n này b?n t? v?n r?t hay, h?p lí","Do b?n t? v?n kì này r?t hay, h?p lí"
không có,"T?n tình, gi?i thích chi ti?t, c? th? và l?ng nghe mong mu?n c?a tôi ?? ??a ra gói b?o hi?m phù h?p"
?ã làm t?t t?t c?,?ã làm t?t t?t c?
T?t,Nhi?t tình
An tâm nh?t,Hài lòng
T? v?n nhi?t tình,Nhi?t tình
D?ch v? t?t,T? v?n t?n tâm
Tùy thu?c nhu c?u,"T? v?n nhi?t tình, rõ ràng"
T? v?n d? nghe và hi?u quy?n l?i dành cho ng??i mua,T? v?n r?t thuy?t ph?c
B?o v? và ti?t ki?m,Nhi?t tình.hi?u bi?t
"Nhi?u ng??i không tin , d? b? ?? th?a",S? phi?n
Th?y c?ng hay và có l?i cho b?n thân.,V?a kh? n?ng.
Vì trong gia ?ình có ít ng??i mu?n tham giá BH nhân th?,T? v?n viên nhi?t tình
quy?n l?i t?t,t? v?n chính xác t? m?
"T? v?n viên nhi?t tình, gi?i ?áp và h? tr? nhi?t tình","T? v?n k? càng, gi?i ?áp c?n k?"
B?o hi?m mang ??n s? an tâm và bao v? gia ?ình tôi,R?t nhi?t tình và t? v?n ch?n ?i?u t?t cho khách hàng
T?t,T?t
"N?i an toàn, ??m b?o quy?n l?i cho khách hàng.",T? v?n rõ ràng.
T? vân tot,De hieu
"TVV t? v?n nhi?t tình, có nhi?u bu?i g?p m?t ?? gi?i ?áp th?c m?c, gi?i thi?u các s?n ph?m m?i chuyên nghi?p, rõ ràng.","TVV gi?i thi?u r?t chi ti?t v? h?p ??ng, t? v?n các BH phù h?p v?i t?ng lo?i ??i t??ng Khách hàng."
Khi tôi bi ?m ?i vi?n ???c  B?n Hà ch?m sóc t?n tình Chu ?áo,Tôi c?m ?n Công ty Pudentr và t? v?n viên Thu Hà và Tâm r?t nhi?t tình chu ?áo khi tôi bi m?t
Ch?a tr?i nghi?m,Nhi?t tình
"Nhi?t tình , h? tr? t?t",Rõ ràng
Gói b?o hi?m v?a túi ti?n v?a h? tr? r?i ro trong cu?c s?ng,"Gi?i thích chi ti?t, l?a ch?n gói b?o hi?m phù h?p, chân th?t, vui v? v?i khách hàng"
10,Tui ??ng y
t?t c?,nhi?t tình
"Nhân viên ch?m sóc khách hàng r?t t?t,nhi?u ?u ?ãi t?t cho khách hàng.","T?n tình,chu ?áo trong vi?c h??ng d?n khách hàng"
"Prudential trao cho tôi quy?n l?i , uy tín và ni?m tin.",T? v?n nhi?t tình d? hi?u chân thành
Mình c?ng mua b?o hi?m menulai tr??c mua bên b?n 1 tháng mà bên ?ó mình ?i ki?m tra s?c kh?e polit m?t c?a mình v?n h??ng bình th??ng bên b?n ko ???c h??ng,Ok nhi?t tình
T? v?n nhi?t tình,T? v?n viên r?t nhi?t tình chu ?áo
T?t,T?t
T? v?n viên t?t,"Nhi?t tình ,t?n tâm"
Tính ?u vi?t,Nhi?t tình
T?t,T? v?n h?p lý
"Tôi nh?n th?y công ty phát tri?n, nhân viên t? v?n rõ ràng ?? chúng th?y ???c giá tr? c?a vi?c tham gia b?o hi?m.","T? v?n viên gi?i thích rõ ràng, phân tích t? m?, d? hi?u"
SP t?t,Nhi?t tình
"'- ?i?u kho?n h?p ??ng phù h?p v?i mong mu?n c?a tôi 
- chuyên viên t? v?n nhi?t tình và nhanh",Chuyên viên t? v?n nhi?t tình và rõ ràng .
Tin t??ng,Hài lòng
.,"Chuyên viên t? v?n r?t k? và nhi?t tình, chu ?áo"
Vì th?y thi?t th?c và c?n thi?t,Vì h?u ích và thi?t th?c cho m?i ng??i
Uy tín.,"C?n th?n, t? v?n rõ ràng, chi ti?t và t?o ?? an tâm , tin t??ng ??ng hành cùng khách hàng."
"“Tôi ?ánh giá cao s? t? v?n rõ ràng, d? hi?u c?a nhân viên. Quy trình làm h?p ??ng c?ng nhanh chóng và chuyên nghi?p. Tôi c?m th?y yên tâm khi tham gia b?o hi?m t?i Prudential.”","“T? v?n viên t? v?n r?t rõ ràng, d? hi?u và kiên nh?n gi?i thích t?ng quy?n l?i. Tôi c?m th?y ???c tôn tr?ng và không b? ép bu?c, nên r?t tin t??ng và 


“T? v?n viên h? tr? nhi?t tình, luôn ch? ??ng liên h? nh?c nh? và giúp tôi hi?u rõ v? s?n ph?m tr??c khi quy?t ??nh tham gia"
"T? v?n có tâm, và giá tr? c?a BH mang l?i",T? v?n có tâm
T? v?n viên nhi?t tình,T? v?n viên r?t nhi?t tình và chu ?áo.
Không ?i?u gì,Không ?i?u gì
s?n ph?m t?t phù h?p v?i nhu c?u s? gi?i thi?u thêm ng??i,nhi?t tình t? v?n ??y ?? ?úng nhu c?u c?a tôi
ch?t l??ng và d?ch v?,khong
Không,Không
Nói chuy?n,Nói chuy?n d? hi?u g?n g?i và l?ch s?
nhân viên t? v?n r?t nhi?t tình,th?t thà
Nhi?u quy?n l?i,"Nhi?t tình chia s?, d? hi?u"
Pridential b?o v? s?c kh?e cho gia ?ình .,Gi?i thi?u quy?n l?i c?a mình
"h?p lý , uy tín , ch?t l??ng","D? nghe , d? hi?u , nhi?t tình .  M?i tho?c m?c ??u ???c gi?i thích dõ ràng , các m?c ??u gi?i thích chi ti?t ."
Tôi r?t hài lòng,"Nhi?t tình, ch? ?áo"
s?n ph?m hay,"t? v?n viên nhi?t tình, t? v?n ??y ??, chi ti?t"
S? nhi?t tình c?a t? v?n viên,T?o cho khách hàng ni?m tin vào s?n ph?m
Chi tr? nhanh và rõ ràng,T? v?n viên ch?m sóc r?t t?t
Nh?m b?o v? cho s?c kh?e chính mình,?i?m 10
T?t,L?ch s? chuyên nghi?p
t? v?n nhi?t tình,nhi?t tình
Ko,"T? v?n D? hi?u, nhi?t tình"
Hài lòng d?ch v? ý ngh?a,Nhi?t tình
"T? v?n, h? tr? khách hàng k?p th?i, nhanh chóng ??t k?t qu? t?t. Nhân viên nhi?t tình, thân thi?n, h??ng d?n, tr? l?i ??y ?? chi ti?t các câu h?i.","T? v?n viên vui v?, thân thi?n, hòa ??ng, h??ng d?n d? hi?u, ?áp ?ng nhu c?u c?a khách hàng k?p th?i."
Ng??i t? vân t?t,Giúp tôi hi?u rõ l?i ích c?a th? b?o hi?m này
Không,Không
"T? v?n viên t? v?n t?t, quy?n l?i h?p ??ng ??m b?o cho KH",T? v?n t?t
Tôi th?y b?o hi?m r?t t?t,T? v?n viên r?t nhi?t tình và chuyên nghi?p
M?i tham gia lên ch?a ?ánh giá ???c,T? v?n viên nhi?t tình
Th?y c?n thi?t,T?t
Kho?ng cách ??a lý có ?nh h??ng ??n ch?t l??ng ch?m sóc khách hàng,C?n t? v?n thêm
Ch?m khách hàng nhi?t tình,T? v?n rõ ràng
T? v?n viên nhi?t tình t? m? và nhanh chóng,Nhi?t tình trong t? v?n và r?t t? m? v? quy?n l?i c?a h? bh
T? v?n rõ v? quy?n l?i c?a h?p ??ng,"Nhi?t tình, thân thi?n"
"Tôi ch?a xem h?t h? s? ch?a kh?ng ??nh ???c nh?ng th?y nhân viên và giám ??c t? v?n gói b?o hi?m phù h?p, an toàn và trách nhi?m cho nên tôi c?ng mu?n gi?i thi?u cho b?n bè và ng??i thân",t? v?n nhi?t tình ch?n gói b?o hi?m phù h?p
nhân viên ph?c v? t?t,t? v?n rõ ràng và chuyên nghi?p
Không,ko
S?n ph?m ?a d?ng phù h?p v?i nhi?u nhu  c?u khách hàng ' TVV ch?m sóc t?n tâm h? tr? nhi?t tình khi x?y ra quy?n l?i b?o hi?m,TVV r?t nhi?t tình t? v?n ?úng ?? nhu c?u c?a tôi khi tham gia b?o hi?m
Tôi ?ã hi?u báo hi?m,Nhi?t tình
Thích v? ch?m sóc khách hàng,Nhi?t tình
"Khoa h?c, b?o ??m, trách nhi?m.",M?c ?? kh? thi
Tôi ch?a nh?n ???c h?p ??ng b?o hi?m.m?c dù tôi ?ã ?óng phí b?o hi?m 5 ngày r?i,Ch?a ??a h?p ??ng b?o hi?m cho tôi
"Cán B? thân thi?n, b?o v? l?i ích c?a khách hàng t?t",T? v?n ?úng
"Yêu ngh? T? v?n viên, luôn mong mu?n ???c lan t?a tính nhân v?n c?a B?o hi?m và c?ng là khách hàng ti?m n?ng c?a Prudential Vi?t Nam!",Hi?u rõ tính giá tr? nhân v?n cao BHNT nên mong mu?n ???c tham gia
Qua quá trình tìm hi?u v?  cty BH Prudential và nhân viên Maketing t? v?n nhi?t tình...,"Thân thi?n, nhi?t tình, chu ?áo, h? tr? m?i th?c m?c..."
Hài lòng,Tin t??ng
"???c t? v?n rõ ràng , gói b?o b?o hi?m phù h?p",t? v?n rõ ràng sàn ph?m phù h?p
Ch?m sóc khách hàng t?t,Có t? v?n
S?n ph?m ?áp ?ng nhu c?u c?a khách hàng ??c bi?t gi?i quy?t quy?n l?i b?o hi?m nhanh chóng ??i ng? t? v?n viên ch?m sóc t?t,Ch?m sóc khách hàng t?t t? v?n k? l??ng lúc nào khách hàng hi?u lúc ?ó m?i ??t m?t ký h?p ??ng ?i?u gì khách hàng th?c m?c thì t? v?n viên gi?i thích l?i và trong quá trình tham gia h?p ??ng t? v?n viên ch?m sóc t?t h? tr? khi khách hàng c?n và lúc sinh nh?t có chúc m?ng ??n khách hàng th?m khám l?i h?p ??ng c? t? v?n l?i s?n ph?m m?i nh?t khi th??ng xuyên ?? khách hàng không quên luôn lo l?ng cho khách hàng s? m?t quy?n l?i
Tôi tin t??ng vào các qu? ??u t? c?a công ty,Nhi?t tình. T? v?n ??y ??
T? v?n viên nhi?t tình s?n ph?m ?u vi?t,T? v?n viên nhi?t tình
Nhi?u ng??i v?n ngh? b?o hi?m là ?a c?p l?a ??o,Nhi?t tình
M?i th? Chi ti?t c? th? .các ?i?u kho?n phù h?p ?? quy?t ??nh tham gia,"Nhi?t tình thân thi?n.t? v?n ??y ??, d? hi?u"
nhanh g?n l?,ko có gì
Tôi hài lòng,Gi?i ?áp ???c m?i th?c m?c c?a tôi
Tôi ?ã t?ng tham gia và ?ã bi?t,Nói chuy?n rõ ràng d? hi?u
T? v?n khách hàng,T? v?n nhi?t tình
C?ng th?y ch?a v??t tr?i l?m á,Ch?a v??t tr?i l?m
rat hai long ve chat luong,nhiet tinh
T? v?n t?t. Ph?c v? t?t.,Nhi?t tình
"T?t, nhân viên t? v?n r?t nhi?t tình, v?n ?? rõ ràng","T?t, t? v?n d? hi?u"
T? v?n viên nhi?t tinh,Tu v?n nhi?t tình
